Workbook

Sheet Dashboard
B1: DASHBOARD
B4: Number of Postions | E4: Stages Wise No of Positions | L4: Working Average of Days
B5: Recruiter Name | C5: Number of Positions | E5: Recruiter Name | F5: Intake | G5: Sourcing | H5: Interviewing | I5: Offer | J5: Background/Onboarding | L5: Recruiter Name | M5: Intake | N5: Sourcing | O5: Interviewing | P5: Offer | Q5: Background/Onboarding
B6: Recruiter 01 | C6: =COUNTIF(Table1[Position ID],"*") -> 21 | E6: Recruiter 01 | F6: =COUNTIF(Table1[Stage],Dashboard!$F$5) -> 4 | G6: =COUNTIF(Table1[Stage],Dashboard!$G$5) -> 4 | H6: =COUNTIF(Table1[Stage],Dashboard!$H$5) -> 5 | I6: =COUNTIF(Table1[Stage],Dashboard!$I$5) -> 3 | J6: =COUNTIF(Table1[Stage],Dashboard!$J$5) -> 5 | L6: Recruiter 01 | M6: =SUMIF(Table1[Stage],Dashboard!$M$5,Table1[Open Days])/COUNTIF(Table1[Stage],Dashboard!$M$5) -> 1311.75 | N6: =SUMIF(Table1[Stage],Dashboard!$N$5,Table1[Open Days])/COUNTIF(Table1[Stage],Dashboard!$N$5) -> 1304 | O6: =SUMIF(Table1[Stage],Dashboard!$O$5,Table1[Open Days])/COUNTIF(Table1[Stage],Dashboard!$O$5) -> 1310.2 | P6: =SUMIF(Table1[Stage],Dashboard!$P$5,Table1[Open Days])/COUNTIF(Table1[Stage],Dashboard!$P$5) -> 1304 | Q6: =SUMIF(Table1[Stage],Dashboard!$Q$5,Table1[Open Days])/COUNTIF(Table1[Stage],Dashboard!$Q$5) -> 1310.2
B7: Recruiter 02 | C7: =COUNTIF(Table13[Position ID],"*") -> 20 | E7: Recruiter 02 | F7: =COUNTIF(Table13[Stage],Dashboard!$F$5) -> 2 | G7: =COUNTIF(Table13[Stage],Dashboard!$G$5) -> 4 | H7: =COUNTIF(Table13[Stage],Dashboard!$H$5) -> 7 | I7: =COUNTIF(Table13[Stage],Dashboard!$I$5) -> 2 | J7: =COUNTIF(Table13[Stage],Dashboard!$J$5) -> 5 | L7: Recruiter 02 | M7: =SUMIF(Table13[Stage],Dashboard!$M$5,Table13[Open Days])/COUNTIF(Table13[Stage],Dashboard!$M$5) -> 1319.5 | N7: =SUMIF(Table13[Stage],Dashboard!$N$5,Table13[Open Days])/COUNTIF(Table13[Stage],Dashboard!$N$5) -> 1296.5 | O7: =SUMIF(Table13[Stage],Dashboard!$O$5,Table13[Open Days])/COUNTIF(Table13[Stage],Dashboard!$O$5) -> 1317.1429 | P7: =SUMIF(Table13[Stage],Dashboard!$P$5,Table13[Open Days])/COUNTIF(Table13[Stage],Dashboard!$P$5) -> 1304 | Q7: =SUMIF(Table13[Stage],Dashboard!$Q$5,Table13[Open Days])/COUNTIF(Table13[Stage],Dashboard!$Q$5) -> 1304
B8: Recruiter 03 | C8: =COUNTIF(Table14[Position ID],"*") -> 23 | E8: Recruiter 03 | F8: =COUNTIF(Table14[Stage],Dashboard!$F$5) -> 3 | G8: =COUNTIF(Table14[Stage],Dashboard!$G$5) -> 5 | H8: =COUNTIF(Table14[Stage],Dashboard!$H$5) -> 5 | I8: =COUNTIF(Table14[Stage],Dashboard!$I$5) -> 2 | J8: =COUNTIF(Table14[Stage],Dashboard!$J$5) -> 5 | L8: Recruiter 03 | M8: =SUMIF(Table14[Stage],Dashboard!$M$5,Table14[Open Days])/COUNTIF(Table14[Stage],Dashboard!$M$5) -> 1304 | N8: =SUMIF(Table14[Stage],Dashboard!$N$5,Table14[Open Days])/COUNTIF(Table14[Stage],Dashboard!$N$5) -> 1304 | O8: =SUMIF(Table14[Stage],Dashboard!$O$5,Table14[Open Days])/COUNTIF(Table14[Stage],Dashboard!$O$5) -> 1316.2 | P8: =SUMIF(Table14[Stage],Dashboard!$P$5,Table14[Open Days])/COUNTIF(Table14[Stage],Dashboard!$P$5) -> 1319.5 | Q8: =SUMIF(Table14[Stage],Dashboard!$Q$5,Table14[Open Days])/COUNTIF(Table14[Stage],Dashboard!$Q$5) -> 1304.2
B9: Recruiter 04 | C9: =COUNTIF(Table145[Position ID],"*") -> 20 | E9: Recruiter 04 | F9: =COUNTIF(Table145[Stage],Dashboard!$F$5) -> 5 | G9: =COUNTIF(Table145[Stage],Dashboard!$G$5) -> 3 | H9: =COUNTIF(Table145[Stage],Dashboard!$H$5) -> 4 | I9: =COUNTIF(Table145[Stage],Dashboard!$I$5) -> 2 | J9: =COUNTIF(Table145[Stage],Dashboard!$J$5) -> 6 | L9: Recruiter 04 | M9: =SUMIF(Table145[Stage],Dashboard!$M$5,Table145[Open Days])/COUNTIF(Table145[Stage],Dashboard!$M$5) -> 1310.2 | N9: =SUMIF(Table145[Stage],Dashboard!$N$5,Table145[Open Days])/COUNTIF(Table145[Stage],Dashboard!$N$5) -> 1294 | O9: =SUMIF(Table145[Stage],Dashboard!$O$5,Table145[Open Days])/COUNTIF(Table145[Stage],Dashboard!$O$5) -> 1304 | P9: =SUMIF(Table145[Stage],Dashboard!$P$5,Table145[Open Days])/COUNTIF(Table145[Stage],Dashboard!$P$5) -> 1334.5 | Q9: =SUMIF(Table145[Stage],Dashboard!$Q$5,Table145[Open Days])/COUNTIF(Table145[Stage],Dashboard!$Q$5) -> 1309.1667

Sheet Recruiter 01 Data 
B8: S.No | C8: Position ID | D8: Title | E8: Hiring Manager | F8: Stage | G8: Created Date | H8: Open Days | I8: Notes
B9: 1 | C9: 1-00-02 | D9: Area Manager | F9: Background/Onboarding | G9: 44727 | H9: =TODAY()-Table1[[#This Row],[Created Date]] -> 1304
B10: =B9+1 -> 2 | C10: 1-00-03 | D10: Operation Manager | F10: Intake | G10: 44696 | H10: =TODAY()-Table1[[#This Row],[Created Date]] -> 1335
B11: =B10+1 -> 3 | C11: 1-00-04 | D11: Trainer | F11: Interviewing | G11: 44757 | H11: =TODAY()-Table1[[#This Row],[Created Date]] -> 1274
B12: =B11+1 -> 4 | C12: 1-00-05 | D12: RGM | F12: Interviewing | G12: 44666 | H12: =TODAY()-Table1[[#This Row],[Created Date]] -> 1365
B13: =B12+1 -> 5 | C13: 1-00-06 | D13: Manager | F13: Sourcing | G13: 44727 | H13: =TODAY()-Table1[[#This Row],[Created Date]] -> 1304
B14: =B13+1 -> 6 | C14: 1-00-07 | D14: Area Manager | F14: Background/Onboarding | G14: 44727 | H14: =TODAY()-Table1[[#This Row],[Created Date]] -> 1304
B15: =B14+1 -> 7 | C15: 1-00-08 | D15: Operation Manager | F15: Interviewing | G15: 44727 | H15: =TODAY()-Table1[[#This Row],[Created Date]] -> 1304
B16: =B15+1 -> 8 | C16: 1-00-09 | D16: Trainer | F16: Intake | G16: 44727 | H16: =TODAY()-Table1[[#This Row],[Created Date]] -> 1304
B17: =B16+1 -> 9 | C17: 1-00-10 | D17: RGM | F17: Intake | G17: 44727 | H17: =TODAY()-Table1[[#This Row],[Created Date]] -> 1304
B18: =B17+1 -> 10 | C18: 1-00-11 | D18: Manager | F18: Background/Onboarding | G18: 44696 | H18: =TODAY()-Table1[[#This Row],[Created Date]] -> 1335
B19: =B18+1 -> 11 | C19: 1-00-12 | D19: Area Manager | F19: Interviewing | G19: 44727 | H19: =TODAY()-Table1[[#This Row],[Created Date]] -> 1304
B20: =B19+1 -> 12 | C20: 1-00-13 | D20: Operation Manager | F20: Background/Onboarding | G20: 44727 | H20: =TODAY()-Table1[[#This Row],[Created Date]] -> 1304
B21: =B20+1 -> 13 | C21: 1-00-14 | D21: Trainer | F21: Interviewing | G21: 44727 | H21: =TODAY()-Table1[[#This Row],[Created Date]] -> 1304
... B29: =B28+1 -> 21 | C29: 1-00-22 | D29: Team Leader | F29: Offer | G29: 44727 | H29: =TODAY()-Table1[[#This Row],[Created Date]] -> 1304

Sheet Recruiter 02 Data
B8: S.No | C8: Position ID | D8: Title | E8: Hiring Manager | F8: Stage | G8: Created Date | H8: Open Days | I8: Notes
B9: 1 | C9: 1-00-02 | D9: Area Manager | F9: Background/Onboarding | G9: 44727 | H9: =TODAY()-Table13[[#This Row],[Created Date]] -> 1304
B10: =B9+1 -> 2 | C10: 1-00-03 | D10: Operation Manager | F10: Interviewing | G10: 44696 | H10: =TODAY()-Table13[[#This Row],[Created Date]] -> 1335
B11: =B10+1 -> 3 | C11: 1-00-04 | D11: Trainer | F11: Sourcing | G11: 44757 | H11: =TODAY()-Table13[[#This Row],[Created Date]] -> 1274
B12: =B11+1 -> 4 | C12: 1-00-05 | D12: RGM | F12: Interviewing | G12: 44666 | H12: =TODAY()-Table13[[#This Row],[Created Date]] -> 1365
B13: =B12+1 -> 5 | C13: 1-00-06 | D13: Manager | F13: Offer | G13: 44727 | H13: =TODAY()-Table13[[#This Row],[Created Date]] -> 1304
B14: =B13+1 -> 6 | C14: 1-00-07 | D14: Area Manager | F14: Background/Onboarding | G14: 44727 | H14: =TODAY()-Table13[[#This Row],[Created Date]] -> 1304
B15: =B14+1 -> 7 | C15: 1-00-08 | D15: Operation Manager | F15: Interviewing | G15: 44727 | H15: =TODAY()-Table13[[#This Row],[Created Date]] -> 1304
B16: =B15+1 -> 8 | C16: 1-00-09 | D16: Trainer | F16: Intake | G16: 44727 | H16: =TODAY()-Table13[[#This Row],[Created Date]] -> 1304
B17: =B16+1 -> 9 | C17: 1-00-10 | D17: RGM | F17: Sourcing | G17: 44727 | H17: =TODAY()-Table13[[#This Row],[Created Date]] -> 1304
B18: =B17+1 -> 10 | C18: 1-00-11 | D18: Manager | F18: Intake | G18: 44696 | H18: =TODAY()-Table13[[#This Row],[Created Date]] -> 1335
B19: =B18+1 -> 11 | C19: 1-00-12 | D19: Area Manager | F19: Interviewing | G19: 44727 | H19: =TODAY()-Table13[[#This Row],[Created Date]] -> 1304
B20: =B19+1 -> 12 | C20: 1-00-13 | D20: Operation Manager | F20: Background/Onboarding | G20: 44727 | H20: =TODAY()-Table13[[#This Row],[Created Date]] -> 1304
B21: =B20+1 -> 13 | C21: 1-00-14 | D21: Trainer | F21: Interviewing | G21: 44727 | H21: =TODAY()-Table13[[#This Row],[Created Date]] -> 1304
... B28: =B27+1 -> 20 | C28: 1-00-21 | D28: Manager | F28: Sourcing | G28: 44727 | H28: =TODAY()-Table13[[#This Row],[Created Date]] -> 1304
G29: 44727 | H29: =TODAY()-Table13[[#This Row],[Created Date]] -> 1304

Sheet Recruiter 03 Data
B8: S.No | C8: Position ID | D8: Title | E8: Hiring Manager | F8: Stage | G8: Created Date | H8: Open Days | I8: Notes
B9: 1 | C9: 1-00-02 | D9: Area Manager | F9: Background/Onboarding | G9: 44727 | H9: =TODAY()-Table14[[#This Row],[Created Date]] -> 1304
B10: =B9+1 -> 2 | C10: 1-00-03 | D10: Operation Manager | F10: Offer | G10: 44696 | H10: =TODAY()-Table14[[#This Row],[Created Date]] -> 1335
B11: =B10+1 -> 3 | C11: 1-00-04 | D11: Trainer | F11: Background/Onboarding | G11: 44757 | H11: =TODAY()-Table14[[#This Row],[Created Date]] -> 1274
B12: =B11+1 -> 4 | C12: 1-00-05 | D12: RGM | F12: Interviewing | G12: 44666 | H12: =TODAY()-Table14[[#This Row],[Created Date]] -> 1365
B13: =B12+1 -> 5 | C13: 1-00-06 | D13: Manager | F13: Interviewing | G13: 44727 | H13: =TODAY()-Table14[[#This Row],[Created Date]] -> 1304
B14: =B13+1 -> 6 | C14: 1-00-07 | D14: Area Manager | F14: Background/Onboarding | G14: 44727 | H14: =TODAY()-Table14[[#This Row],[Created Date]] -> 1304
B15: =B14+1 -> 7 | C15: 1-00-08 | D15: Operation Manager | F15: Interviewing | G15: 44727 | H15: =TODAY()-Table14[[#This Row],[Created Date]] -> 1304
B16: =B15+1 -> 8 | C16: 1-00-09 | D16: Trainer | F16: Intake | G16: 44727 | H16: =TODAY()-Table14[[#This Row],[Created Date]] -> 1304
B17: =B16+1 -> 9 | C17: 1-00-10 | D17: RGM | F17: Sourcing | G17: 44727 | H17: =TODAY()-Table14[[#This Row],[Created Date]] -> 1304
B18: =B17+1 -> 10 | C18: 1-00-11 | D18: Manager | F18: Background/Onboarding | G18: 44696 | H18: =TODAY()-Table14[[#This Row],[Created Date]] -> 1335
B19: =B18+1 -> 11 | C19: 1-00-12 | D19: Area Manager | F19: Interviewing | G19: 44727 | H19: =TODAY()-Table14[[#This Row],[Created Date]] -> 1304
B20: =B19+1 -> 12 | C20: 1-00-13 | D20: Operation Manager | F20: Background/Onboarding | G20: 44727 | H20: =TODAY()-Table14[[#This Row],[Created Date]] -> 1304
B21: =B20+1 -> 13 | C21: 1-00-14 | D21: Trainer | F21: Offer | G21: 44727 | H21: =TODAY()-Table14[[#This Row],[Created Date]] -> 1304
... B28: =B27+1 -> 20 | C28: 1-00-21 | D28: Manager | F28: Sourcing | G28: 44727 | H28: =TODAY()-Table14[[#This Row],[Created Date]] -> 1304
B29: =B28+1 -> 21 | C29: 1-00-22 | G29: 44727 | H29: =TODAY()-Table14[[#This Row],[Created Date]] -> 1304
B30: =B29+1 -> 22 | C30: 1-00-23 | G30: 44727 | H30: =TODAY()-Table14[[#This Row],[Created Date]] -> 1304
B31: =B30+1 -> 23 | C31: 1-00-24 | G31: 44727 | H31: =TODAY()-Table14[[#This Row],[Created Date]] -> 1304

Sheet Recruiter 04 Data
B8: S.No | C8: Position ID | D8: Title | E8: Hiring Manager | F8: Stage | G8: Created Date | H8: Open Days | I8: Notes
B9: 1 | C9: 1-00-02 | D9: Area Manager | F9: Background/Onboarding | G9: 44727 | H9: =TODAY()-Table145[[#This Row],[Created Date]] -> 1304
B10: =B9+1 -> 2 | C10: 1-00-03 | D10: Operation Manager | F10: Intake | G10: 44696 | H10: =TODAY()-Table145[[#This Row],[Created Date]] -> 1335
B11: =B10+1 -> 3 | C11: 1-00-04 | D11: Trainer | F11: Sourcing | G11: 44757 | H11: =TODAY()-Table145[[#This Row],[Created Date]] -> 1274
B12: =B11+1 -> 4 | C12: 1-00-05 | D12: RGM | F12: Offer | G12: 44666 | H12: =TODAY()-Table145[[#This Row],[Created Date]] -> 1365
B13: =B12+1 -> 5 | C13: 1-00-06 | D13: Manager | F13: Offer | G13: 44727 | H13: =TODAY()-Table145[[#This Row],[Created Date]] -> 1304
B14: =B13+1 -> 6 | C14: 1-00-07 | D14: Area Manager | F14: Background/Onboarding | G14: 44727 | H14: =TODAY()-Table145[[#This Row],[Created Date]] -> 1304
B15: =B14+1 -> 7 | C15: 1-00-08 | D15: Operation Manager | F15: Interviewing | G15: 44727 | H15: =TODAY()-Table145[[#This Row],[Created Date]] -> 1304
B16: =B15+1 -> 8 | C16: 1-00-09 | D16: Trainer | F16: Intake | G16: 44727 | H16: =TODAY()-Table145[[#This Row],[Created Date]] -> 1304
B17: =B16+1 -> 9 | C17: 1-00-10 | D17: RGM | F17: Interviewing | G17: 44727 | H17: =TODAY()-Table145[[#This Row],[Created Date]] -> 1304
B18: =B17+1 -> 10 | C18: 1-00-11 | D18: Manager | F18: Background/Onboarding | G18: 44696 | H18: =TODAY()-Table145[[#This Row],[Created Date]] -> 1335
B19: =B18+1 -> 11 | C19: 1-00-12 | D19: Area Manager | F19: Interviewing | G19: 44727 | H19: =TODAY()-Table145[[#This Row],[Created Date]] -> 1304
B20: =B19+1 -> 12 | C20: 1-00-13 | D20: Operation Manager | F20: Background/Onboarding | G20: 44727 | H20: =TODAY()-Table145[[#This Row],[Created Date]] -> 1304
B21: =B20+1 -> 13 | C21: 1-00-14 | D21: Trainer | F21: Interviewing | G21: 44727 | H21: =TODAY()-Table145[[#This Row],[Created Date]] -> 1304
... B28: =B27+1 -> 20 | C28: 1-00-21 | D28: Manager | F28: Sourcing | G28: 44727 | H28: =TODAY()-Table145[[#This Row],[Created Date]] -> 1304
G29: 44727 | H29: =TODAY()-Table145[[#This Row],[Created Date]] -> 1304
